warehouse_id,commodity,storage_charge_rs_per_mt_per_month,handling_charge_rs_per_mt,insurance_optional_rs_per_mt_month,effective_year,data_status
W001,Tomato,88,25,9,2026 prototype,SYNTHETIC PROTOTYPE - replace with CWC/private tariff
W001,Maize,90,66,8,2026 prototype,SYNTHETIC PROTOTYPE - replace with CWC/private tariff
W001,Garlic,100,71,7,2026 prototype,SYNTHETIC PROTOTYPE - replace with CWC/private tariff
W002,Maize,193,30,21,2026 prototype,SYNTHETIC PROTOTYPE - replace with CWC/private tariff
W002,Onion,195,37,19,2026 prototype,SYNTHETIC PROTOTYPE - replace with CWC/private tariff
W002,Wheat,128,65,15,2026 prototype,SYNTHETIC PROTOTYPE - replace with CWC/private tariff
W003,Wheat,121,40,11,2026 prototype,SYNTHETIC PROTOTYPE - replace with CWC/private tariff
W003,Maize,126,62,25,2026 prototype,SYNTHETIC PROTOTYPE - replace with CWC/private tariff
W003,Tomato,59,80,25,2026 prototype,SYNTHETIC PROTOTYPE - replace with CWC/private tariff
W004,Wheat,130,44,12,2026 prototype,SYNTHETIC PROTOTYPE - replace with CWC/private tariff
W004,Mustard,80,36,20,2026 prototype,SYNTHETIC PROTOTYPE - replace with CWC/private tariff
W004,Garlic,74,51,10,2026 prototype,SYNTHETIC PROTOTYPE - replace with CWC/private tariff
W005,Tomato,80,60,7,2026 prototype,SYNTHETIC PROTOTYPE - replace with CWC/private tariff
W005,Bajra,121,74,11,2026 prototype,SYNTHETIC PROTOTYPE - replace with CWC/private tariff
W005,Mustard,55,47,7,2026 prototype,SYNTHETIC PROTOTYPE - replace with CWC/private tariff
W006,Tomato,163,65,10,2026 prototype,SYNTHETIC PROTOTYPE - replace with CWC/private tariff
W006,Gram,119,46,13,2026 prototype,SYNTHETIC PROTOTYPE - replace with CWC/private tariff
W006,Garlic,207,60,23,2026 prototype,SYNTHETIC PROTOTYPE - replace with CWC/private tariff
W007,Maize,116,53,10,2026 prototype,SYNTHETIC PROTOTYPE - replace with CWC/private tariff
W007,Onion,93,73,12,2026 prototype,SYNTHETIC PROTOTYPE - replace with CWC/private tariff
W007,Bajra,92,62,20,2026 prototype,SYNTHETIC PROTOTYPE - replace with CWC/private tariff
W008,Tomato,105,58,16,2026 prototype,SYNTHETIC PROTOTYPE - replace with CWC/private tariff
W008,Garlic,124,50,14,2026 prototype,SYNTHETIC PROTOTYPE - replace with CWC/private tariff
W008,Onion,67,34,8,2026 prototype,SYNTHETIC PROTOTYPE - replace with CWC/private tariff
W009,Gram,96,35,18,2026 prototype,SYNTHETIC PROTOTYPE - replace with CWC/private tariff
W009,Maize,69,31,19,2026 prototype,SYNTHETIC PROTOTYPE - replace with CWC/private tariff
W009,Garlic,95,62,8,2026 prototype,SYNTHETIC PROTOTYPE - replace with CWC/private tariff
W010,Onion,142,69,20,2026 prototype,SYNTHETIC PROTOTYPE - replace with CWC/private tariff
W010,Tomato,235,58,18,2026 prototype,SYNTHETIC PROTOTYPE - replace with CWC/private tariff
W010,Maize,170,21,14,2026 prototype,SYNTHETIC PROTOTYPE - replace with CWC/private tariff
W011,Gram,107,23,22,2026 prototype,SYNTHETIC PROTOTYPE - replace with CWC/private tariff
W011,Tomato,96,36,15,2026 prototype,SYNTHETIC PROTOTYPE - replace with CWC/private tariff
W011,Mustard,107,45,19,2026 prototype,SYNTHETIC PROTOTYPE - replace with CWC/private tariff
W012,Garlic,61,37,20,2026 prototype,SYNTHETIC PROTOTYPE - replace with CWC/private tariff
W012,Maize,83,41,25,2026 prototype,SYNTHETIC PROTOTYPE - replace with CWC/private tariff
W012,Bajra,60,39,19,2026 prototype,SYNTHETIC PROTOTYPE - replace with CWC/private tariff
W013,Garlic,76,54,11,2026 prototype,SYNTHETIC PROTOTYPE - replace with CWC/private tariff
W013,Mustard,135,27,24,2026 prototype,SYNTHETIC PROTOTYPE - replace with CWC/private tariff
W013,Gram,133,41,9,2026 prototype,SYNTHETIC PROTOTYPE - replace with CWC/private tariff
W014,Wheat,207,25,15,2026 prototype,SYNTHETIC PROTOTYPE - replace with CWC/private tariff
W014,Onion,200,69,22,2026 prototype,SYNTHETIC PROTOTYPE - replace with CWC/private tariff
W014,Tomato,126,61,6,2026 prototype,SYNTHETIC PROTOTYPE - replace with CWC/private tariff
W015,Maize,80,30,22,2026 prototype,SYNTHETIC PROTOTYPE - replace with CWC/private tariff
W015,Bajra,105,75,12,2026 prototype,SYNTHETIC PROTOTYPE - replace with CWC/private tariff
W015,Gram,92,71,10,2026 prototype,SYNTHETIC PROTOTYPE - replace with CWC/private tariff
W016,Onion,82,55,12,2026 prototype,SYNTHETIC PROTOTYPE - replace with CWC/private tariff
W016,Bajra,56,22,5,2026 prototype,SYNTHETIC PROTOTYPE - replace with CWC/private tariff
W016,Maize,122,26,21,2026 prototype,SYNTHETIC PROTOTYPE - replace with CWC/private tariff
W017,Garlic,60,30,14,2026 prototype,SYNTHETIC PROTOTYPE - replace with CWC/private tariff
W017,Tomato,93,21,12,2026 prototype,SYNTHETIC PROTOTYPE - replace with CWC/private tariff
W017,Maize,135,69,12,2026 prototype,SYNTHETIC PROTOTYPE - replace with CWC/private tariff
W018,Wheat,141,72,17,2026 prototype,SYNTHETIC PROTOTYPE - replace with CWC/private tariff
W018,Bajra,212,28,13,2026 prototype,SYNTHETIC PROTOTYPE - replace with CWC/private tariff
W018,Onion,131,24,7,2026 prototype,SYNTHETIC PROTOTYPE - replace with CWC/private tariff
W019,Garlic,124,58,9,2026 prototype,SYNTHETIC PROTOTYPE - replace with CWC/private tariff
W019,Wheat,67,67,23,2026 prototype,SYNTHETIC PROTOTYPE - replace with CWC/private tariff
W019,Tomato,105,32,24,2026 prototype,SYNTHETIC PROTOTYPE - replace with CWC/private tariff
W020,Gram,218,52,5,2026 prototype,SYNTHETIC PROTOTYPE - replace with CWC/private tariff
W020,Garlic,187,37,19,2026 prototype,SYNTHETIC PROTOTYPE - replace with CWC/private tariff
W020,Bajra,161,26,13,2026 prototype,SYNTHETIC PROTOTYPE - replace with CWC/private tariff
W021,Tomato,219,25,12,2026 prototype,SYNTHETIC PROTOTYPE - replace with CWC/private tariff
W021,Maize,214,55,13,2026 prototype,SYNTHETIC PROTOTYPE - replace with CWC/private tariff
W021,Bajra,233,38,22,2026 prototype,SYNTHETIC PROTOTYPE - replace with CWC/private tariff
W022,Maize,118,66,17,2026 prototype,SYNTHETIC PROTOTYPE - replace with CWC/private tariff
W022,Tomato,102,68,22,2026 prototype,SYNTHETIC PROTOTYPE - replace with CWC/private tariff
W022,Wheat,68,48,12,2026 prototype,SYNTHETIC PROTOTYPE - replace with CWC/private tariff
W023,Wheat,112,43,20,2026 prototype,SYNTHETIC PROTOTYPE - replace with CWC/private tariff
W023,Maize,127,26,25,2026 prototype,SYNTHETIC PROTOTYPE - replace with CWC/private tariff
W023,Mustard,94,41,9,2026 prototype,SYNTHETIC PROTOTYPE - replace with CWC/private tariff
W024,Mustard,76,33,20,2026 prototype,SYNTHETIC PROTOTYPE - replace with CWC/private tariff
W024,Wheat,130,35,7,2026 prototype,SYNTHETIC PROTOTYPE - replace with CWC/private tariff
W024,Gram,73,45,24,2026 prototype,SYNTHETIC PROTOTYPE - replace with CWC/private tariff
W025,Tomato,169,23,20,2026 prototype,SYNTHETIC PROTOTYPE - replace with CWC/private tariff
W025,Gram,174,46,14,2026 prototype,SYNTHETIC PROTOTYPE - replace with CWC/private tariff
W025,Onion,196,73,9,2026 prototype,SYNTHETIC PROTOTYPE - replace with CWC/private tariff
W026,Wheat,214,75,5,2026 prototype,SYNTHETIC PROTOTYPE - replace with CWC/private tariff
W026,Bajra,178,64,11,2026 prototype,SYNTHETIC PROTOTYPE - replace with CWC/private tariff
W026,Onion,235,54,20,2026 prototype,SYNTHETIC PROTOTYPE - replace with CWC/private tariff
W027,Onion,96,49,20,2026 prototype,SYNTHETIC PROTOTYPE - replace with CWC/private tariff
W027,Tomato,120,55,7,2026 prototype,SYNTHETIC PROTOTYPE - replace with CWC/private tariff
W027,Mustard,68,47,7,2026 prototype,SYNTHETIC PROTOTYPE - replace with CWC/private tariff
W028,Garlic,75,53,8,2026 prototype,SYNTHETIC PROTOTYPE - replace with CWC/private tariff
W028,Mustard,76,32,19,2026 prototype,SYNTHETIC PROTOTYPE - replace with CWC/private tariff
W028,Wheat,69,22,18,2026 prototype,SYNTHETIC PROTOTYPE - replace with CWC/private tariff
W029,Tomato,122,51,9,2026 prototype,SYNTHETIC PROTOTYPE - replace with CWC/private tariff
W029,Mustard,125,46,17,2026 prototype,SYNTHETIC PROTOTYPE - replace with CWC/private tariff
W029,Onion,56,38,8,2026 prototype,SYNTHETIC PROTOTYPE - replace with CWC/private tariff
W030,Garlic,89,53,15,2026 prototype,SYNTHETIC PROTOTYPE - replace with CWC/private tariff
W030,Bajra,133,76,16,2026 prototype,SYNTHETIC PROTOTYPE - replace with CWC/private tariff
W030,Onion,127,61,10,2026 prototype,SYNTHETIC PROTOTYPE - replace with CWC/private tariff
W031,Bajra,81,71,24,2026 prototype,SYNTHETIC PROTOTYPE - replace with CWC/private tariff
W031,Tomato,102,53,24,2026 prototype,SYNTHETIC PROTOTYPE - replace with CWC/private tariff
W031,Gram,87,50,19,2026 prototype,SYNTHETIC PROTOTYPE - replace with CWC/private tariff
W032,Maize,144,30,21,2026 prototype,SYNTHETIC PROTOTYPE - replace with CWC/private tariff
W032,Bajra,231,20,15,2026 prototype,SYNTHETIC PROTOTYPE - replace with CWC/private tariff
W032,Onion,216,31,9,2026 prototype,SYNTHETIC PROTOTYPE - replace with CWC/private tariff
W033,Tomato,94,64,11,2026 prototype,SYNTHETIC PROTOTYPE - replace with CWC/private tariff
W033,Wheat,80,64,8,2026 prototype,SYNTHETIC PROTOTYPE - replace with CWC/private tariff
W033,Garlic,123,49,15,2026 prototype,SYNTHETIC PROTOTYPE - replace with CWC/private tariff
W034,Mustard,114,58,10,2026 prototype,SYNTHETIC PROTOTYPE - replace with CWC/private tariff
W034,Wheat,63,42,25,2026 prototype,SYNTHETIC PROTOTYPE - replace with CWC/private tariff
W034,Gram,126,76,12,2026 prototype,SYNTHETIC PROTOTYPE - replace with CWC/private tariff
W035,Onion,79,37,14,2026 prototype,SYNTHETIC PROTOTYPE - replace with CWC/private tariff
W035,Tomato,109,57,14,2026 prototype,SYNTHETIC PROTOTYPE - replace with CWC/private tariff
W035,Wheat,102,59,17,2026 prototype,SYNTHETIC PROTOTYPE - replace with CWC/private tariff
W036,Gram,161,24,23,2026 prototype,SYNTHETIC PROTOTYPE - replace with CWC/private tariff
W036,Tomato,149,26,11,2026 prototype,SYNTHETIC PROTOTYPE - replace with CWC/private tariff
W036,Garlic,181,31,13,2026 prototype,SYNTHETIC PROTOTYPE - replace with CWC/private tariff
W037,Mustard,130,61,17,2026 prototype,SYNTHETIC PROTOTYPE - replace with CWC/private tariff
W037,Tomato,97,56,23,2026 prototype,SYNTHETIC PROTOTYPE - replace with CWC/private tariff
W037,Gram,132,37,24,2026 prototype,SYNTHETIC PROTOTYPE - replace with CWC/private tariff
W038,Tomato,55,70,12,2026 prototype,SYNTHETIC PROTOTYPE - replace with CWC/private tariff
W038,Mustard,82,25,24,2026 prototype,SYNTHETIC PROTOTYPE - replace with CWC/private tariff
W038,Garlic,73,29,10,2026 prototype,SYNTHETIC PROTOTYPE - replace with CWC/private tariff
W039,Tomato,96,24,6,2026 prototype,SYNTHETIC PROTOTYPE - replace with CWC/private tariff
W039,Garlic,72,52,19,2026 prototype,SYNTHETIC PROTOTYPE - replace with CWC/private tariff
W039,Wheat,109,62,20,2026 prototype,SYNTHETIC PROTOTYPE - replace with CWC/private tariff
W040,Onion,70,35,22,2026 prototype,SYNTHETIC PROTOTYPE - replace with CWC/private tariff
W040,Bajra,105,44,17,2026 prototype,SYNTHETIC PROTOTYPE - replace with CWC/private tariff
W040,Gram,115,42,14,2026 prototype,SYNTHETIC PROTOTYPE - replace with CWC/private tariff
W041,Onion,132,73,11,2026 prototype,SYNTHETIC PROTOTYPE - replace with CWC/private tariff
W041,Gram,76,80,25,2026 prototype,SYNTHETIC PROTOTYPE - replace with CWC/private tariff
W041,Wheat,90,65,9,2026 prototype,SYNTHETIC PROTOTYPE - replace with CWC/private tariff
W042,Garlic,117,64,13,2026 prototype,SYNTHETIC PROTOTYPE - replace with CWC/private tariff
W042,Gram,70,55,18,2026 prototype,SYNTHETIC PROTOTYPE - replace with CWC/private tariff
W042,Maize,138,42,10,2026 prototype,SYNTHETIC PROTOTYPE - replace with CWC/private tariff
W043,Wheat,229,69,16,2026 prototype,SYNTHETIC PROTOTYPE - replace with CWC/private tariff
W043,Garlic,218,33,24,2026 prototype,SYNTHETIC PROTOTYPE - replace with CWC/private tariff
W043,Bajra,158,44,16,2026 prototype,SYNTHETIC PROTOTYPE - replace with CWC/private tariff
W044,Bajra,80,48,16,2026 prototype,SYNTHETIC PROTOTYPE - replace with CWC/private tariff
W044,Onion,122,32,5,2026 prototype,SYNTHETIC PROTOTYPE - replace with CWC/private tariff
W044,Wheat,130,39,15,2026 prototype,SYNTHETIC PROTOTYPE - replace with CWC/private tariff
W045,Mustard,238,78,5,2026 prototype,SYNTHETIC PROTOTYPE - replace with CWC/private tariff
W045,Bajra,179,22,25,2026 prototype,SYNTHETIC PROTOTYPE - replace with CWC/private tariff
W045,Garlic,180,61,20,2026 prototype,SYNTHETIC PROTOTYPE - replace with CWC/private tariff
W046,Garlic,174,37,25,2026 prototype,SYNTHETIC PROTOTYPE - replace with CWC/private tariff
W046,Wheat,124,56,5,2026 prototype,SYNTHETIC PROTOTYPE - replace with CWC/private tariff
W046,Onion,230,58,25,2026 prototype,SYNTHETIC PROTOTYPE - replace with CWC/private tariff
W047,Tomato,115,67,25,2026 prototype,SYNTHETIC PROTOTYPE - replace with CWC/private tariff
W047,Maize,124,71,8,2026 prototype,SYNTHETIC PROTOTYPE - replace with CWC/private tariff
W047,Mustard,59,43,5,2026 prototype,SYNTHETIC PROTOTYPE - replace with CWC/private tariff
W048,Bajra,77,75,9,2026 prototype,SYNTHETIC PROTOTYPE - replace with CWC/private tariff
W048,Onion,65,46,8,2026 prototype,SYNTHETIC PROTOTYPE - replace with CWC/private tariff
W048,Garlic,62,48,25,2026 prototype,SYNTHETIC PROTOTYPE - replace with CWC/private tariff
W049,Wheat,124,37,11,2026 prototype,SYNTHETIC PROTOTYPE - replace with CWC/private tariff
W049,Bajra,138,59,5,2026 prototype,SYNTHETIC PROTOTYPE - replace with CWC/private tariff
W049,Tomato,97,73,15,2026 prototype,SYNTHETIC PROTOTYPE - replace with CWC/private tariff
W050,Bajra,101,53,5,2026 prototype,SYNTHETIC PROTOTYPE - replace with CWC/private tariff
W050,Gram,140,45,18,2026 prototype,SYNTHETIC PROTOTYPE - replace with CWC/private tariff
W050,Onion,140,62,6,2026 prototype,SYNTHETIC PROTOTYPE - replace with CWC/private tariff
W051,Mustard,73,66,13,2026 prototype,SYNTHETIC PROTOTYPE - replace with CWC/private tariff
W051,Tomato,65,31,19,2026 prototype,SYNTHETIC PROTOTYPE - replace with CWC/private tariff
W051,Gram,60,37,24,2026 prototype,SYNTHETIC PROTOTYPE - replace with CWC/private tariff
W052,Maize,214,31,25,2026 prototype,SYNTHETIC PROTOTYPE - replace with CWC/private tariff
W052,Onion,110,39,13,2026 prototype,SYNTHETIC PROTOTYPE - replace with CWC/private tariff
W052,Gram,199,27,15,2026 prototype,SYNTHETIC PROTOTYPE - replace with CWC/private tariff
W053,Tomato,66,56,19,2026 prototype,SYNTHETIC PROTOTYPE - replace with CWC/private tariff
W053,Gram,66,27,7,2026 prototype,SYNTHETIC PROTOTYPE - replace with CWC/private tariff
W053,Onion,78,66,7,2026 prototype,SYNTHETIC PROTOTYPE - replace with CWC/private tariff
W054,Bajra,135,21,10,2026 prototype,SYNTHETIC PROTOTYPE - replace with CWC/private tariff
W054,Tomato,56,33,25,2026 prototype,SYNTHETIC PROTOTYPE - replace with CWC/private tariff
W054,Gram,102,49,7,2026 prototype,SYNTHETIC PROTOTYPE - replace with CWC/private tariff
W055,Maize,137,80,11,2026 prototype,SYNTHETIC PROTOTYPE - replace with CWC/private tariff
W055,Bajra,71,39,6,2026 prototype,SYNTHETIC PROTOTYPE - replace with CWC/private tariff
W055,Onion,103,65,14,2026 prototype,SYNTHETIC PROTOTYPE - replace with CWC/private tariff
W056,Bajra,190,46,12,2026 prototype,SYNTHETIC PROTOTYPE - replace with CWC/private tariff
W056,Tomato,158,37,11,2026 prototype,SYNTHETIC PROTOTYPE - replace with CWC/private tariff
W056,Mustard,155,38,13,2026 prototype,SYNTHETIC PROTOTYPE - replace with CWC/private tariff
W057,Tomato,117,42,23,2026 prototype,SYNTHETIC PROTOTYPE - replace with CWC/private tariff
W057,Bajra,101,42,25,2026 prototype,SYNTHETIC PROTOTYPE - replace with CWC/private tariff
W057,Wheat,121,48,25,2026 prototype,SYNTHETIC PROTOTYPE - replace with CWC/private tariff
W058,Bajra,208,29,22,2026 prototype,SYNTHETIC PROTOTYPE - replace with CWC/private tariff
W058,Wheat,163,64,18,2026 prototype,SYNTHETIC PROTOTYPE - replace with CWC/private tariff
W058,Gram,198,61,14,2026 prototype,SYNTHETIC PROTOTYPE - replace with CWC/private tariff
W059,Maize,119,55,13,2026 prototype,SYNTHETIC PROTOTYPE - replace with CWC/private tariff
W059,Bajra,66,52,11,2026 prototype,SYNTHETIC PROTOTYPE - replace with CWC/private tariff
W059,Onion,88,33,19,2026 prototype,SYNTHETIC PROTOTYPE - replace with CWC/private tariff
W060,Gram,121,62,25,2026 prototype,SYNTHETIC PROTOTYPE - replace with CWC/private tariff
W060,Wheat,78,50,9,2026 prototype,SYNTHETIC PROTOTYPE - replace with CWC/private tariff
W060,Garlic,114,57,15,2026 prototype,SYNTHETIC PROTOTYPE - replace with CWC/private tariff
W061,Onion,139,57,6,2026 prototype,SYNTHETIC PROTOTYPE - replace with CWC/private tariff
W061,Gram,96,64,8,2026 prototype,SYNTHETIC PROTOTYPE - replace with CWC/private tariff
W061,Maize,135,42,5,2026 prototype,SYNTHETIC PROTOTYPE - replace with CWC/private tariff
W062,Bajra,97,41,25,2026 prototype,SYNTHETIC PROTOTYPE - replace with CWC/private tariff
W062,Maize,67,31,16,2026 prototype,SYNTHETIC PROTOTYPE - replace with CWC/private tariff
W062,Garlic,94,30,19,2026 prototype,SYNTHETIC PROTOTYPE - replace with CWC/private tariff
W063,Bajra,222,71,24,2026 prototype,SYNTHETIC PROTOTYPE - replace with CWC/private tariff
W063,Garlic,226,57,23,2026 prototype,SYNTHETIC PROTOTYPE - replace with CWC/private tariff
W063,Wheat,221,66,17,2026 prototype,SYNTHETIC PROTOTYPE - replace with CWC/private tariff
W064,Tomato,87,66,16,2026 prototype,SYNTHETIC PROTOTYPE - replace with CWC/private tariff
W064,Garlic,131,41,20,2026 prototype,SYNTHETIC PROTOTYPE - replace with CWC/private tariff
W064,Mustard,106,39,6,2026 prototype,SYNTHETIC PROTOTYPE - replace with CWC/private tariff
W065,Maize,137,46,18,2026 prototype,SYNTHETIC PROTOTYPE - replace with CWC/private tariff
W065,Garlic,178,56,17,2026 prototype,SYNTHETIC PROTOTYPE - replace with CWC/private tariff
W065,Gram,117,30,21,2026 prototype,SYNTHETIC PROTOTYPE - replace with CWC/private tariff
W066,Bajra,122,32,23,2026 prototype,SYNTHETIC PROTOTYPE - replace with CWC/private tariff
W066,Tomato,72,28,15,2026 prototype,SYNTHETIC PROTOTYPE - replace with CWC/private tariff
W066,Gram,61,25,14,2026 prototype,SYNTHETIC PROTOTYPE - replace with CWC/private tariff
W067,Bajra,113,45,10,2026 prototype,SYNTHETIC PROTOTYPE - replace with CWC/private tariff
W067,Garlic,113,20,9,2026 prototype,SYNTHETIC PROTOTYPE - replace with CWC/private tariff
W067,Tomato,80,76,10,2026 prototype,SYNTHETIC PROTOTYPE - replace with CWC/private tariff
W068,Gram,78,35,11,2026 prototype,SYNTHETIC PROTOTYPE - replace with CWC/private tariff
W068,Bajra,110,25,12,2026 prototype,SYNTHETIC PROTOTYPE - replace with CWC/private tariff
W068,Wheat,74,63,22,2026 prototype,SYNTHETIC PROTOTYPE - replace with CWC/private tariff
W069,Onion,75,42,8,2026 prototype,SYNTHETIC PROTOTYPE - replace with CWC/private tariff
W069,Wheat,115,55,17,2026 prototype,SYNTHETIC PROTOTYPE - replace with CWC/private tariff
W069,Maize,82,78,20,2026 prototype,SYNTHETIC PROTOTYPE - replace with CWC/private tariff
W070,Garlic,86,68,8,2026 prototype,SYNTHETIC PROTOTYPE - replace with CWC/private tariff
W070,Tomato,104,28,15,2026 prototype,SYNTHETIC PROTOTYPE - replace with CWC/private tariff
W070,Maize,72,45,15,2026 prototype,SYNTHETIC PROTOTYPE - replace with CWC/private tariff
W071,Gram,109,58,17,2026 prototype,SYNTHETIC PROTOTYPE - replace with CWC/private tariff
W071,Garlic,123,24,16,2026 prototype,SYNTHETIC PROTOTYPE - replace with CWC/private tariff
W071,Onion,117,62,23,2026 prototype,SYNTHETIC PROTOTYPE - replace with CWC/private tariff
W072,Wheat,77,69,12,2026 prototype,SYNTHETIC PROTOTYPE - replace with CWC/private tariff
W072,Mustard,102,43,15,2026 prototype,SYNTHETIC PROTOTYPE - replace with CWC/private tariff
W072,Gram,119,72,5,2026 prototype,SYNTHETIC PROTOTYPE - replace with CWC/private tariff
W073,Garlic,84,28,20,2026 prototype,SYNTHETIC PROTOTYPE - replace with CWC/private tariff
W073,Wheat,79,22,11,2026 prototype,SYNTHETIC PROTOTYPE - replace with CWC/private tariff
W073,Onion,93,47,7,2026 prototype,SYNTHETIC PROTOTYPE - replace with CWC/private tariff
W074,Onion,78,47,9,2026 prototype,SYNTHETIC PROTOTYPE - replace with CWC/private tariff
W074,Maize,91,39,17,2026 prototype,SYNTHETIC PROTOTYPE - replace with CWC/private tariff
W074,Tomato,116,22,13,2026 prototype,SYNTHETIC PROTOTYPE - replace with CWC/private tariff
W075,Garlic,211,63,21,2026 prototype,SYNTHETIC PROTOTYPE - replace with CWC/private tariff
W075,Mustard,137,49,7,2026 prototype,SYNTHETIC PROTOTYPE - replace with CWC/private tariff
W075,Tomato,198,63,8,2026 prototype,SYNTHETIC PROTOTYPE - replace with CWC/private tariff
W076,Garlic,151,40,9,2026 prototype,SYNTHETIC PROTOTYPE - replace with CWC/private tariff
W076,Tomato,239,44,19,2026 prototype,SYNTHETIC PROTOTYPE - replace with CWC/private tariff
W076,Wheat,112,51,25,2026 prototype,SYNTHETIC PROTOTYPE - replace with CWC/private tariff
W077,Garlic,93,47,13,2026 prototype,SYNTHETIC PROTOTYPE - replace with CWC/private tariff
W077,Maize,136,27,24,2026 prototype,SYNTHETIC PROTOTYPE - replace with CWC/private tariff
W077,Wheat,112,52,16,2026 prototype,SYNTHETIC PROTOTYPE - replace with CWC/private tariff
W078,Tomato,203,27,10,2026 prototype,SYNTHETIC PROTOTYPE - replace with CWC/private tariff
W078,Onion,218,54,17,2026 prototype,SYNTHETIC PROTOTYPE - replace with CWC/private tariff
W078,Bajra,130,29,5,2026 prototype,SYNTHETIC PROTOTYPE - replace with CWC/private tariff
W079,Onion,88,32,21,2026 prototype,SYNTHETIC PROTOTYPE - replace with CWC/private tariff
W079,Tomato,133,66,19,2026 prototype,SYNTHETIC PROTOTYPE - replace with CWC/private tariff
W079,Gram,110,23,19,2026 prototype,SYNTHETIC PROTOTYPE - replace with CWC/private tariff
W080,Gram,235,49,16,2026 prototype,SYNTHETIC PROTOTYPE - replace with CWC/private tariff
W080,Wheat,122,76,24,2026 prototype,SYNTHETIC PROTOTYPE - replace with CWC/private tariff
W080,Garlic,204,36,18,2026 prototype,SYNTHETIC PROTOTYPE - replace with CWC/private tariff
W081,Onion,116,54,13,2026 prototype,SYNTHETIC PROTOTYPE - replace with CWC/private tariff
W081,Tomato,155,38,16,2026 prototype,SYNTHETIC PROTOTYPE - replace with CWC/private tariff
W081,Bajra,216,21,19,2026 prototype,SYNTHETIC PROTOTYPE - replace with CWC/private tariff
W082,Onion,59,58,8,2026 prototype,SYNTHETIC PROTOTYPE - replace with CWC/private tariff
W082,Bajra,100,66,6,2026 prototype,SYNTHETIC PROTOTYPE - replace with CWC/private tariff
W082,Tomato,123,67,17,2026 prototype,SYNTHETIC PROTOTYPE - replace with CWC/private tariff
W083,Maize,123,26,9,2026 prototype,SYNTHETIC PROTOTYPE - replace with CWC/private tariff
W083,Mustard,73,60,20,2026 prototype,SYNTHETIC PROTOTYPE - replace with CWC/private tariff
W083,Wheat,110,77,13,2026 prototype,SYNTHETIC PROTOTYPE - replace with CWC/private tariff
W084,Onion,134,35,21,2026 prototype,SYNTHETIC PROTOTYPE - replace with CWC/private tariff
W084,Maize,127,49,6,2026 prototype,SYNTHETIC PROTOTYPE - replace with CWC/private tariff
W084,Tomato,64,40,16,2026 prototype,SYNTHETIC PROTOTYPE - replace with CWC/private tariff
W085,Wheat,136,71,8,2026 prototype,SYNTHETIC PROTOTYPE - replace with CWC/private tariff
W085,Mustard,103,52,7,2026 prototype,SYNTHETIC PROTOTYPE - replace with CWC/private tariff
W085,Gram,98,79,25,2026 prototype,SYNTHETIC PROTOTYPE - replace with CWC/private tariff
W086,Gram,57,31,13,2026 prototype,SYNTHETIC PROTOTYPE - replace with CWC/private tariff
W086,Maize,138,67,7,2026 prototype,SYNTHETIC PROTOTYPE - replace with CWC/private tariff
W086,Garlic,110,27,11,2026 prototype,SYNTHETIC PROTOTYPE - replace with CWC/private tariff
W087,Gram,172,64,6,2026 prototype,SYNTHETIC PROTOTYPE - replace with CWC/private tariff
W087,Bajra,205,56,20,2026 prototype,SYNTHETIC PROTOTYPE - replace with CWC/private tariff
W087,Tomato,165,68,18,2026 prototype,SYNTHETIC PROTOTYPE - replace with CWC/private tariff
W088,Gram,78,37,21,2026 prototype,SYNTHETIC PROTOTYPE - replace with CWC/private tariff
W088,Onion,140,22,24,2026 prototype,SYNTHETIC PROTOTYPE - replace with CWC/private tariff
W088,Garlic,106,78,10,2026 prototype,SYNTHETIC PROTOTYPE - replace with CWC/private tariff
W089,Gram,107,33,5,2026 prototype,SYNTHETIC PROTOTYPE - replace with CWC/private tariff
W089,Bajra,108,62,9,2026 prototype,SYNTHETIC PROTOTYPE - replace with CWC/private tariff
W089,Wheat,90,37,19,2026 prototype,SYNTHETIC PROTOTYPE - replace with CWC/private tariff
W090,Onion,83,21,15,2026 prototype,SYNTHETIC PROTOTYPE - replace with CWC/private tariff
W090,Wheat,83,24,24,2026 prototype,SYNTHETIC PROTOTYPE - replace with CWC/private tariff
W090,Mustard,91,66,24,2026 prototype,SYNTHETIC PROTOTYPE - replace with CWC/private tariff
W091,Tomato,136,58,15,2026 prototype,SYNTHETIC PROTOTYPE - replace with CWC/private tariff
W091,Gram,124,44,20,2026 prototype,SYNTHETIC PROTOTYPE - replace with CWC/private tariff
W091,Maize,126,20,15,2026 prototype,SYNTHETIC PROTOTYPE - replace with CWC/private tariff
W092,Onion,223,29,19,2026 prototype,SYNTHETIC PROTOTYPE - replace with CWC/private tariff
W092,Bajra,237,33,22,2026 prototype,SYNTHETIC PROTOTYPE - replace with CWC/private tariff
W092,Garlic,153,63,17,2026 prototype,SYNTHETIC PROTOTYPE - replace with CWC/private tariff
W093,Gram,139,74,23,2026 prototype,SYNTHETIC PROTOTYPE - replace with CWC/private tariff
W093,Maize,65,60,20,2026 prototype,SYNTHETIC PROTOTYPE - replace with CWC/private tariff
W093,Wheat,126,42,7,2026 prototype,SYNTHETIC PROTOTYPE - replace with CWC/private tariff
W094,Maize,204,39,14,2026 prototype,SYNTHETIC PROTOTYPE - replace with CWC/private tariff
W094,Onion,190,48,19,2026 prototype,SYNTHETIC PROTOTYPE - replace with CWC/private tariff
W094,Gram,117,29,24,2026 prototype,SYNTHETIC PROTOTYPE - replace with CWC/private tariff
W095,Bajra,127,47,18,2026 prototype,SYNTHETIC PROTOTYPE - replace with CWC/private tariff
W095,Gram,57,68,14,2026 prototype,SYNTHETIC PROTOTYPE - replace with CWC/private tariff
W095,Tomato,126,67,20,2026 prototype,SYNTHETIC PROTOTYPE - replace with CWC/private tariff
W096,Maize,143,44,24,2026 prototype,SYNTHETIC PROTOTYPE - replace with CWC/private tariff
W096,Tomato,141,26,17,2026 prototype,SYNTHETIC PROTOTYPE - replace with CWC/private tariff
W096,Gram,165,33,8,2026 prototype,SYNTHETIC PROTOTYPE - replace with CWC/private tariff
W097,Gram,106,55,18,2026 prototype,SYNTHETIC PROTOTYPE - replace with CWC/private tariff
W097,Mustard,100,68,11,2026 prototype,SYNTHETIC PROTOTYPE - replace with CWC/private tariff
W097,Garlic,108,77,24,2026 prototype,SYNTHETIC PROTOTYPE - replace with CWC/private tariff
W098,Gram,135,26,25,2026 prototype,SYNTHETIC PROTOTYPE - replace with CWC/private tariff
W098,Bajra,136,40,21,2026 prototype,SYNTHETIC PROTOTYPE - replace with CWC/private tariff
W098,Garlic,123,54,17,2026 prototype,SYNTHETIC PROTOTYPE - replace with CWC/private tariff
W099,Maize,236,68,19,2026 prototype,SYNTHETIC PROTOTYPE - replace with CWC/private tariff
W099,Garlic,183,72,19,2026 prototype,SYNTHETIC PROTOTYPE - replace with CWC/private tariff
W099,Tomato,150,79,10,2026 prototype,SYNTHETIC PROTOTYPE - replace with CWC/private tariff
W100,Garlic,195,68,19,2026 prototype,SYNTHETIC PROTOTYPE - replace with CWC/private tariff
W100,Bajra,154,63,8,2026 prototype,SYNTHETIC PROTOTYPE - replace with CWC/private tariff
W100,Wheat,208,57,25,2026 prototype,SYNTHETIC PROTOTYPE - replace with CWC/private tariff
W101,Garlic,79,60,5,2026 prototype,SYNTHETIC PROTOTYPE - replace with CWC/private tariff
W101,Maize,134,34,9,2026 prototype,SYNTHETIC PROTOTYPE - replace with CWC/private tariff
W101,Tomato,133,59,21,2026 prototype,SYNTHETIC PROTOTYPE - replace with CWC/private tariff
W102,Mustard,214,80,5,2026 prototype,SYNTHETIC PROTOTYPE - replace with CWC/private tariff
W102,Gram,193,59,12,2026 prototype,SYNTHETIC PROTOTYPE - replace with CWC/private tariff
W102,Garlic,152,56,25,2026 prototype,SYNTHETIC PROTOTYPE - replace with CWC/private tariff
W103,Tomato,204,21,24,2026 prototype,SYNTHETIC PROTOTYPE - replace with CWC/private tariff
W103,Onion,209,55,21,2026 prototype,SYNTHETIC PROTOTYPE - replace with CWC/private tariff
W103,Wheat,159,74,10,2026 prototype,SYNTHETIC PROTOTYPE - replace with CWC/private tariff
W104,Tomato,171,31,20,2026 prototype,SYNTHETIC PROTOTYPE - replace with CWC/private tariff
W104,Bajra,161,40,9,2026 prototype,SYNTHETIC PROTOTYPE - replace with CWC/private tariff
W104,Onion,185,24,5,2026 prototype,SYNTHETIC PROTOTYPE - replace with CWC/private tariff
W105,Maize,113,35,24,2026 prototype,SYNTHETIC PROTOTYPE - replace with CWC/private tariff
W105,Gram,111,35,10,2026 prototype,SYNTHETIC PROTOTYPE - replace with CWC/private tariff
W105,Tomato,114,52,25,2026 prototype,SYNTHETIC PROTOTYPE - replace with CWC/private tariff
W106,Mustard,97,75,10,2026 prototype,SYNTHETIC PROTOTYPE - replace with CWC/private tariff
W106,Garlic,86,49,7,2026 prototype,SYNTHETIC PROTOTYPE - replace with CWC/private tariff
W106,Gram,55,67,6,2026 prototype,SYNTHETIC PROTOTYPE - replace with CWC/private tariff
W107,Garlic,115,75,17,2026 prototype,SYNTHETIC PROTOTYPE - replace with CWC/private tariff
W107,Tomato,64,70,18,2026 prototype,SYNTHETIC PROTOTYPE - replace with CWC/private tariff
W107,Gram,88,76,22,2026 prototype,SYNTHETIC PROTOTYPE - replace with CWC/private tariff
W108,Mustard,137,54,5,2026 prototype,SYNTHETIC PROTOTYPE - replace with CWC/private tariff
W108,Onion,111,50,6,2026 prototype,SYNTHETIC PROTOTYPE - replace with CWC/private tariff
W108,Gram,92,71,17,2026 prototype,SYNTHETIC PROTOTYPE - replace with CWC/private tariff
W109,Wheat,240,60,25,2026 prototype,SYNTHETIC PROTOTYPE - replace with CWC/private tariff
W109,Bajra,222,47,8,2026 prototype,SYNTHETIC PROTOTYPE - replace with CWC/private tariff
W109,Maize,136,29,13,2026 prototype,SYNTHETIC PROTOTYPE - replace with CWC/private tariff
W110,Mustard,101,46,15,2026 prototype,SYNTHETIC PROTOTYPE - replace with CWC/private tariff
W110,Onion,73,78,12,2026 prototype,SYNTHETIC PROTOTYPE - replace with CWC/private tariff
W110,Tomato,116,33,13,2026 prototype,SYNTHETIC PROTOTYPE - replace with CWC/private tariff
W111,Mustard,64,49,20,2026 prototype,SYNTHETIC PROTOTYPE - replace with CWC/private tariff
W111,Bajra,86,68,13,2026 prototype,SYNTHETIC PROTOTYPE - replace with CWC/private tariff
W111,Onion,98,38,19,2026 prototype,SYNTHETIC PROTOTYPE - replace with CWC/private tariff
W112,Onion,176,56,13,2026 prototype,SYNTHETIC PROTOTYPE - replace with CWC/private tariff
W112,Garlic,119,68,9,2026 prototype,SYNTHETIC PROTOTYPE - replace with CWC/private tariff
W112,Maize,147,53,14,2026 prototype,SYNTHETIC PROTOTYPE - replace with CWC/private tariff
W113,Wheat,202,65,14,2026 prototype,SYNTHETIC PROTOTYPE - replace with CWC/private tariff
W113,Mustard,188,80,10,2026 prototype,SYNTHETIC PROTOTYPE - replace with CWC/private tariff
W113,Bajra,188,50,19,2026 prototype,SYNTHETIC PROTOTYPE - replace with CWC/private tariff
W114,Gram,142,29,24,2026 prototype,SYNTHETIC PROTOTYPE - replace with CWC/private tariff
W114,Mustard,184,74,17,2026 prototype,SYNTHETIC PROTOTYPE - replace with CWC/private tariff
W114,Onion,175,60,12,2026 prototype,SYNTHETIC PROTOTYPE - replace with CWC/private tariff
W115,Wheat,187,29,23,2026 prototype,SYNTHETIC PROTOTYPE - replace with CWC/private tariff
W115,Garlic,113,36,16,2026 prototype,SYNTHETIC PROTOTYPE - replace with CWC/private tariff
W115,Mustard,240,67,21,2026 prototype,SYNTHETIC PROTOTYPE - replace with CWC/private tariff
W116,Garlic,76,42,25,2026 prototype,SYNTHETIC PROTOTYPE - replace with CWC/private tariff
W116,Maize,74,57,21,2026 prototype,SYNTHETIC PROTOTYPE - replace with CWC/private tariff
W116,Gram,95,53,16,2026 prototype,SYNTHETIC PROTOTYPE - replace with CWC/private tariff
W117,Garlic,137,30,21,2026 prototype,SYNTHETIC PROTOTYPE - replace with CWC/private tariff
W117,Tomato,116,31,20,2026 prototype,SYNTHETIC PROTOTYPE - replace with CWC/private tariff
W117,Maize,103,20,7,2026 prototype,SYNTHETIC PROTOTYPE - replace with CWC/private tariff
W118,Onion,162,34,9,2026 prototype,SYNTHETIC PROTOTYPE - replace with CWC/private tariff
W118,Mustard,181,58,8,2026 prototype,SYNTHETIC PROTOTYPE - replace with CWC/private tariff
W118,Bajra,160,42,20,2026 prototype,SYNTHETIC PROTOTYPE - replace with CWC/private tariff
W119,Tomato,56,73,21,2026 prototype,SYNTHETIC PROTOTYPE - replace with CWC/private tariff
W119,Gram,84,67,11,2026 prototype,SYNTHETIC PROTOTYPE - replace with CWC/private tariff
W119,Onion,101,62,6,2026 prototype,SYNTHETIC PROTOTYPE - replace with CWC/private tariff
W120,Garlic,97,52,7,2026 prototype,SYNTHETIC PROTOTYPE - replace with CWC/private tariff
W120,Onion,89,55,22,2026 prototype,SYNTHETIC PROTOTYPE - replace with CWC/private tariff
W120,Wheat,123,75,7,2026 prototype,SYNTHETIC PROTOTYPE - replace with CWC/private tariff
W121,Wheat,121,35,12,2026 prototype,SYNTHETIC PROTOTYPE - replace with CWC/private tariff
W121,Maize,87,71,10,2026 prototype,SYNTHETIC PROTOTYPE - replace with CWC/private tariff
W121,Gram,138,74,12,2026 prototype,SYNTHETIC PROTOTYPE - replace with CWC/private tariff
W122,Maize,113,31,6,2026 prototype,SYNTHETIC PROTOTYPE - replace with CWC/private tariff
W122,Onion,132,37,22,2026 prototype,SYNTHETIC PROTOTYPE - replace with CWC/private tariff
W122,Garlic,90,25,11,2026 prototype,SYNTHETIC PROTOTYPE - replace with CWC/private tariff
W123,Mustard,187,23,11,2026 prototype,SYNTHETIC PROTOTYPE - replace with CWC/private tariff
W123,Tomato,168,35,23,2026 prototype,SYNTHETIC PROTOTYPE - replace with CWC/private tariff
W123,Gram,232,49,8,2026 prototype,SYNTHETIC PROTOTYPE - replace with CWC/private tariff
W124,Wheat,64,32,20,2026 prototype,SYNTHETIC PROTOTYPE - replace with CWC/private tariff
W124,Bajra,69,48,7,2026 prototype,SYNTHETIC PROTOTYPE - replace with CWC/private tariff
W124,Onion,115,32,8,2026 prototype,SYNTHETIC PROTOTYPE - replace with CWC/private tariff
W125,Maize,93,56,5,2026 prototype,SYNTHETIC PROTOTYPE - replace with CWC/private tariff
W125,Gram,129,47,8,2026 prototype,SYNTHETIC PROTOTYPE - replace with CWC/private tariff
W125,Tomato,111,69,25,2026 prototype,SYNTHETIC PROTOTYPE - replace with CWC/private tariff
W126,Maize,133,68,19,2026 prototype,SYNTHETIC PROTOTYPE - replace with CWC/private tariff
W126,Gram,55,36,18,2026 prototype,SYNTHETIC PROTOTYPE - replace with CWC/private tariff
W126,Onion,131,37,20,2026 prototype,SYNTHETIC PROTOTYPE - replace with CWC/private tariff
W127,Bajra,233,52,14,2026 prototype,SYNTHETIC PROTOTYPE - replace with CWC/private tariff
W127,Tomato,186,36,22,2026 prototype,SYNTHETIC PROTOTYPE - replace with CWC/private tariff
W127,Gram,173,41,13,2026 prototype,SYNTHETIC PROTOTYPE - replace with CWC/private tariff
W128,Gram,69,68,10,2026 prototype,SYNTHETIC PROTOTYPE - replace with CWC/private tariff
W128,Onion,117,20,15,2026 prototype,SYNTHETIC PROTOTYPE - replace with CWC/private tariff
W128,Maize,120,50,20,2026 prototype,SYNTHETIC PROTOTYPE - replace with CWC/private tariff
W129,Bajra,220,63,14,2026 prototype,SYNTHETIC PROTOTYPE - replace with CWC/private tariff
W129,Mustard,134,79,19,2026 prototype,SYNTHETIC PROTOTYPE - replace with CWC/private tariff
W129,Wheat,197,60,22,2026 prototype,SYNTHETIC PROTOTYPE - replace with CWC/private tariff
W130,Bajra,169,33,14,2026 prototype,SYNTHETIC PROTOTYPE - replace with CWC/private tariff
W130,Mustard,238,39,15,2026 prototype,SYNTHETIC PROTOTYPE - replace with CWC/private tariff
W130,Wheat,230,26,14,2026 prototype,SYNTHETIC PROTOTYPE - replace with CWC/private tariff
W131,Maize,74,40,10,2026 prototype,SYNTHETIC PROTOTYPE - replace with CWC/private tariff
W131,Gram,79,69,17,2026 prototype,SYNTHETIC PROTOTYPE - replace with CWC/private tariff
W131,Onion,76,74,10,2026 prototype,SYNTHETIC PROTOTYPE - replace with CWC/private tariff
W132,Bajra,115,61,24,2026 prototype,SYNTHETIC PROTOTYPE - replace with CWC/private tariff
W132,Tomato,108,69,13,2026 prototype,SYNTHETIC PROTOTYPE - replace with CWC/private tariff
W132,Gram,84,79,13,2026 prototype,SYNTHETIC PROTOTYPE - replace with CWC/private tariff
W133,Tomato,204,29,14,2026 prototype,SYNTHETIC PROTOTYPE - replace with CWC/private tariff
W133,Garlic,195,66,16,2026 prototype,SYNTHETIC PROTOTYPE - replace with CWC/private tariff
W133,Bajra,190,48,14,2026 prototype,SYNTHETIC PROTOTYPE - replace with CWC/private tariff
W134,Garlic,108,20,17,2026 prototype,SYNTHETIC PROTOTYPE - replace with CWC/private tariff
W134,Gram,62,46,16,2026 prototype,SYNTHETIC PROTOTYPE - replace with CWC/private tariff
W134,Maize,137,71,9,2026 prototype,SYNTHETIC PROTOTYPE - replace with CWC/private tariff
W135,Tomato,114,72,11,2026 prototype,SYNTHETIC PROTOTYPE - replace with CWC/private tariff
W135,Garlic,163,62,13,2026 prototype,SYNTHETIC PROTOTYPE - replace with CWC/private tariff
W135,Bajra,185,73,16,2026 prototype,SYNTHETIC PROTOTYPE - replace with CWC/private tariff
W136,Wheat,103,40,22,2026 prototype,SYNTHETIC PROTOTYPE - replace with CWC/private tariff
W136,Bajra,126,67,11,2026 prototype,SYNTHETIC PROTOTYPE - replace with CWC/private tariff
W136,Maize,82,59,21,2026 prototype,SYNTHETIC PROTOTYPE - replace with CWC/private tariff
W137,Tomato,68,24,12,2026 prototype,SYNTHETIC PROTOTYPE - replace with CWC/private tariff
W137,Garlic,75,40,20,2026 prototype,SYNTHETIC PROTOTYPE - replace with CWC/private tariff
W137,Bajra,130,50,6,2026 prototype,SYNTHETIC PROTOTYPE - replace with CWC/private tariff
W138,Garlic,117,35,13,2026 prototype,SYNTHETIC PROTOTYPE - replace with CWC/private tariff
W138,Onion,132,57,17,2026 prototype,SYNTHETIC PROTOTYPE - replace with CWC/private tariff
W138,Tomato,62,26,6,2026 prototype,SYNTHETIC PROTOTYPE - replace with CWC/private tariff
W139,Onion,102,48,14,2026 prototype,SYNTHETIC PROTOTYPE - replace with CWC/private tariff
W139,Bajra,69,50,9,2026 prototype,SYNTHETIC PROTOTYPE - replace with CWC/private tariff
W139,Gram,64,40,18,2026 prototype,SYNTHETIC PROTOTYPE - replace with CWC/private tariff
W140,Bajra,130,39,23,2026 prototype,SYNTHETIC PROTOTYPE - replace with CWC/private tariff
W140,Garlic,80,55,7,2026 prototype,SYNTHETIC PROTOTYPE - replace with CWC/private tariff
W140,Mustard,111,35,15,2026 prototype,SYNTHETIC PROTOTYPE - replace with CWC/private tariff
W141,Gram,184,64,5,2026 prototype,SYNTHETIC PROTOTYPE - replace with CWC/private tariff
W141,Tomato,145,69,7,2026 prototype,SYNTHETIC PROTOTYPE - replace with CWC/private tariff
W141,Garlic,190,74,16,2026 prototype,SYNTHETIC PROTOTYPE - replace with CWC/private tariff
W142,Tomato,78,40,19,2026 prototype,SYNTHETIC PROTOTYPE - replace with CWC/private tariff
W142,Onion,84,49,16,2026 prototype,SYNTHETIC PROTOTYPE - replace with CWC/private tariff
W142,Mustard,97,32,13,2026 prototype,SYNTHETIC PROTOTYPE - replace with CWC/private tariff
W143,Gram,57,28,8,2026 prototype,SYNTHETIC PROTOTYPE - replace with CWC/private tariff
W143,Tomato,137,46,18,2026 prototype,SYNTHETIC PROTOTYPE - replace with CWC/private tariff
W143,Onion,105,71,20,2026 prototype,SYNTHETIC PROTOTYPE - replace with CWC/private tariff
W144,Wheat,125,78,21,2026 prototype,SYNTHETIC PROTOTYPE - replace with CWC/private tariff
W144,Garlic,205,21,23,2026 prototype,SYNTHETIC PROTOTYPE - replace with CWC/private tariff
W144,Gram,221,22,21,2026 prototype,SYNTHETIC PROTOTYPE - replace with CWC/private tariff
W145,Onion,117,38,23,2026 prototype,SYNTHETIC PROTOTYPE - replace with CWC/private tariff
W145,Garlic,97,60,7,2026 prototype,SYNTHETIC PROTOTYPE - replace with CWC/private tariff
W145,Gram,64,56,7,2026 prototype,SYNTHETIC PROTOTYPE - replace with CWC/private tariff
W146,Mustard,120,74,7,2026 prototype,SYNTHETIC PROTOTYPE - replace with CWC/private tariff
W146,Gram,128,79,19,2026 prototype,SYNTHETIC PROTOTYPE - replace with CWC/private tariff
W146,Tomato,133,61,11,2026 prototype,SYNTHETIC PROTOTYPE - replace with CWC/private tariff
W147,Mustard,220,72,13,2026 prototype,SYNTHETIC PROTOTYPE - replace with CWC/private tariff
W147,Garlic,229,48,9,2026 prototype,SYNTHETIC PROTOTYPE - replace with CWC/private tariff
W147,Onion,194,24,10,2026 prototype,SYNTHETIC PROTOTYPE - replace with CWC/private tariff
W148,Onion,110,76,5,2026 prototype,SYNTHETIC PROTOTYPE - replace with CWC/private tariff
W148,Maize,106,56,14,2026 prototype,SYNTHETIC PROTOTYPE - replace with CWC/private tariff
W148,Gram,55,59,17,2026 prototype,SYNTHETIC PROTOTYPE - replace with CWC/private tariff
W149,Wheat,96,47,9,2026 prototype,SYNTHETIC PROTOTYPE - replace with CWC/private tariff
W149,Tomato,88,74,12,2026 prototype,SYNTHETIC PROTOTYPE - replace with CWC/private tariff
W149,Mustard,129,63,15,2026 prototype,SYNTHETIC PROTOTYPE - replace with CWC/private tariff
W150,Tomato,80,69,23,2026 prototype,SYNTHETIC PROTOTYPE - replace with CWC/private tariff
W150,Onion,100,77,23,2026 prototype,SYNTHETIC PROTOTYPE - replace with CWC/private tariff
W150,Garlic,74,32,9,2026 prototype,SYNTHETIC PROTOTYPE - replace with CWC/private tariff
