experiment_id,recorded_at,model,horizon,split,n,MAE,RMSE,MAPE,sMAPE,train_period,validation_period,test_period,n_features,hyperparameters,notes
exp_001_baselines,2026-08-26T01:36:59+00:00,naive,1d,valid,11680,15.407,21.28,0.6221,0.6228,2021-01-01..2023-12-30,2024-01-01..2024-12-30,2025-01-01..2025-12-30,0,{},no training required
exp_001_baselines,2026-08-26T01:36:59+00:00,naive,1d,test,11648,17.658,23.978,0.6594,0.6601,2021-01-01..2023-12-30,2024-01-01..2024-12-30,2025-01-01..2025-12-30,0,{},no training required
exp_001_baselines,2026-08-26T01:36:59+00:00,rolling_mean_7,1d,valid,11680,23.379,32.006,0.9554,0.9579,2021-01-01..2023-12-30,2024-01-01..2024-12-30,2025-01-01..2025-12-30,0,{},no training required
exp_001_baselines,2026-08-26T01:36:59+00:00,rolling_mean_7,1d,test,11648,25.83,34.963,0.9741,0.9764,2021-01-01..2023-12-30,2024-01-01..2024-12-30,2025-01-01..2025-12-30,0,{},no training required
exp_001_baselines,2026-08-26T01:36:59+00:00,rolling_mean_28,1d,valid,11680,51.843,67.788,2.1535,2.1628,2021-01-01..2023-12-30,2024-01-01..2024-12-30,2025-01-01..2025-12-30,0,{},no training required
exp_001_baselines,2026-08-26T01:36:59+00:00,rolling_mean_28,1d,test,11648,55.407,71.733,2.1208,2.1292,2021-01-01..2023-12-30,2024-01-01..2024-12-30,2025-01-01..2025-12-30,0,{},no training required
exp_001_baselines,2026-08-26T01:36:59+00:00,drift_7d,1d,valid,11680,16.588,22.696,0.6707,0.6713,2021-01-01..2023-12-30,2024-01-01..2024-12-30,2025-01-01..2025-12-30,0,{},no training required
exp_001_baselines,2026-08-26T01:36:59+00:00,drift_7d,1d,test,11648,19.047,25.589,0.7119,0.7124,2021-01-01..2023-12-30,2024-01-01..2024-12-30,2025-01-01..2025-12-30,0,{},no training required
exp_001_baselines,2026-08-26T01:36:59+00:00,naive,3d,valid,11616,23.676,32.76,0.9622,0.9647,2021-01-01..2023-12-28,2024-01-01..2024-12-28,2025-01-01..2025-12-28,0,{},no training required
exp_001_baselines,2026-08-26T01:36:59+00:00,naive,3d,test,11584,26.658,36.56,0.9998,1.0022,2021-01-01..2023-12-28,2024-01-01..2024-12-28,2025-01-01..2025-12-28,0,{},no training required
exp_001_baselines,2026-08-26T01:36:59+00:00,rolling_mean_7,3d,valid,11616,30.788,41.919,1.2627,1.2672,2021-01-01..2023-12-28,2024-01-01..2024-12-28,2025-01-01..2025-12-28,0,{},no training required
exp_001_baselines,2026-08-26T01:36:59+00:00,rolling_mean_7,3d,test,11584,33.79,45.491,1.2785,1.2826,2021-01-01..2023-12-28,2024-01-01..2024-12-28,2025-01-01..2025-12-28,0,{},no training required
exp_001_baselines,2026-08-26T01:36:59+00:00,rolling_mean_28,3d,valid,11616,57.691,75.297,2.3985,2.4098,2021-01-01..2023-12-28,2024-01-01..2024-12-28,2025-01-01..2025-12-28,0,{},no training required
exp_001_baselines,2026-08-26T01:36:59+00:00,rolling_mean_28,3d,test,11584,61.56,79.626,2.3581,2.3684,2021-01-01..2023-12-28,2024-01-01..2024-12-28,2025-01-01..2025-12-28,0,{},no training required
exp_001_baselines,2026-08-26T01:36:59+00:00,drift_7d,3d,valid,11616,28.462,38.78,1.1562,1.1577,2021-01-01..2023-12-28,2024-01-01..2024-12-28,2025-01-01..2025-12-28,0,{},no training required
exp_001_baselines,2026-08-26T01:36:59+00:00,drift_7d,3d,test,11584,32.422,43.697,1.2155,1.2168,2021-01-01..2023-12-28,2024-01-01..2024-12-28,2025-01-01..2025-12-28,0,{},no training required
exp_001_baselines,2026-08-26T01:36:59+00:00,naive,7d,valid,11488,36.91,50.372,1.5119,1.5185,2021-01-01..2023-12-24,2024-01-01..2024-12-24,2025-01-01..2025-12-24,0,{},no training required
exp_001_baselines,2026-08-26T01:37:00+00:00,naive,7d,test,11456,40.812,54.84,1.5426,1.5484,2021-01-01..2023-12-24,2024-01-01..2024-12-24,2025-01-01..2025-12-24,0,{},no training required
exp_001_baselines,2026-08-26T01:37:00+00:00,rolling_mean_7,7d,valid,11488,43.71,58.947,1.8021,1.8108,2021-01-01..2023-12-24,2024-01-01..2024-12-24,2025-01-01..2025-12-24,0,{},no training required
exp_001_baselines,2026-08-26T01:37:00+00:00,rolling_mean_7,7d,test,11456,47.44,62.882,1.8041,1.8116,2021-01-01..2023-12-24,2024-01-01..2024-12-24,2025-01-01..2025-12-24,0,{},no training required
exp_001_baselines,2026-08-26T01:37:00+00:00,rolling_mean_28,7d,valid,11488,68.775,89.523,2.863,2.8785,2021-01-01..2023-12-24,2024-01-01..2024-12-24,2025-01-01..2025-12-24,0,{},no training required
exp_001_baselines,2026-08-26T01:37:00+00:00,rolling_mean_28,7d,test,11456,73.223,94.571,2.8088,2.8233,2021-01-01..2023-12-24,2024-01-01..2024-12-24,2025-01-01..2025-12-24,0,{},no training required
exp_001_baselines,2026-08-26T01:37:00+00:00,drift_7d,7d,valid,11488,51.134,68.744,2.0828,2.0838,2021-01-01..2023-12-24,2024-01-01..2024-12-24,2025-01-01..2025-12-24,0,{},no training required
exp_001_baselines,2026-08-26T01:37:00+00:00,drift_7d,7d,test,11456,58.033,77.248,2.1825,2.1835,2021-01-01..2023-12-24,2024-01-01..2024-12-24,2025-01-01..2025-12-24,0,{},no training required
exp_ladder_hist_gbr_raw,2026-08-26T01:42:17+00:00,hist_gbr,1d,valid,11680,27.381,50.982,1.0268,1.0406,2021-01-01..2023-12-30,2024-01-01..2024-12-30,,26,"{""early_stopping"": false, ""l2_regularization"": 1.0, ""learning_rate"": 0.05, ""max_depth"": null, ""max_iter"": 600, ""max_leaf_nodes"": 31, ""min_samples_leaf"": 40, ""random_state"": 42}",feature_set=raw; fit=21.7s
exp_ladder_hist_gbr_lags,2026-08-26T01:42:38+00:00,hist_gbr,1d,valid,11680,26.012,49.26,0.9756,0.9878,2021-01-01..2023-12-30,2024-01-01..2024-12-30,,54,"{""early_stopping"": false, ""l2_regularization"": 1.0, ""learning_rate"": 0.05, ""max_depth"": null, ""max_iter"": 600, ""max_leaf_nodes"": 31, ""min_samples_leaf"": 40, ""random_state"": 42}",feature_set=lags; fit=19.9s
exp_ladder_hist_gbr_rolling,2026-08-26T01:43:01+00:00,hist_gbr,1d,valid,11680,25.82,49.371,0.9674,0.9796,2021-01-01..2023-12-30,2024-01-01..2024-12-30,,82,"{""early_stopping"": false, ""l2_regularization"": 1.0, ""learning_rate"": 0.05, ""max_depth"": null, ""max_iter"": 600, ""max_leaf_nodes"": 31, ""min_samples_leaf"": 40, ""random_state"": 42}",feature_set=rolling; fit=23.4s
exp_ladder_hist_gbr_full,2026-08-26T01:43:30+00:00,hist_gbr,1d,valid,11680,26.568,50.394,0.9924,1.0052,2021-01-01..2023-12-30,2024-01-01..2024-12-30,,106,"{""early_stopping"": false, ""l2_regularization"": 1.0, ""learning_rate"": 0.05, ""max_depth"": null, ""max_iter"": 600, ""max_leaf_nodes"": 31, ""min_samples_leaf"": 40, ""random_state"": 42}",feature_set=full; fit=28.3s
exp_ladder_hist_gbr_raw,2026-08-26T01:44:41+00:00,hist_gbr,1d,valid,11680,16.452,21.941,0.665,0.6666,2021-01-01..2023-12-30,2024-01-01..2024-12-30,,26,"{""early_stopping"": false, ""l2_regularization"": 1.0, ""learning_rate"": 0.05, ""max_depth"": null, ""max_iter"": 600, ""max_leaf_nodes"": 31, ""min_samples_leaf"": 40, ""random_state"": 42}",feature_set=raw; fit=19.1s
exp_ladder_hist_gbr_lags,2026-08-26T01:45:00+00:00,hist_gbr,1d,valid,11680,15.304,20.438,0.6202,0.6209,2021-01-01..2023-12-30,2024-01-01..2024-12-30,,54,"{""early_stopping"": false, ""l2_regularization"": 1.0, ""learning_rate"": 0.05, ""max_depth"": null, ""max_iter"": 600, ""max_leaf_nodes"": 31, ""min_samples_leaf"": 40, ""random_state"": 42}",feature_set=lags; fit=19.2s
exp_ladder_hist_gbr_rolling,2026-08-26T01:45:21+00:00,hist_gbr,1d,valid,11680,15.185,20.172,0.6156,0.6163,2021-01-01..2023-12-30,2024-01-01..2024-12-30,,82,"{""early_stopping"": false, ""l2_regularization"": 1.0, ""learning_rate"": 0.05, ""max_depth"": null, ""max_iter"": 600, ""max_leaf_nodes"": 31, ""min_samples_leaf"": 40, ""random_state"": 42}",feature_set=rolling; fit=20.4s
exp_ladder_hist_gbr_full,2026-08-26T01:45:49+00:00,hist_gbr,1d,valid,11680,14.73,19.702,0.5956,0.5961,2021-01-01..2023-12-30,2024-01-01..2024-12-30,,106,"{""early_stopping"": false, ""l2_regularization"": 1.0, ""learning_rate"": 0.05, ""max_depth"": null, ""max_iter"": 600, ""max_leaf_nodes"": 31, ""min_samples_leaf"": 40, ""random_state"": 42}",feature_set=full; fit=28.2s
exp_ladder_hist_gbr_raw,2026-08-26T01:46:22+00:00,hist_gbr,1d,valid,11680,16.452,21.941,0.665,0.6666,2021-01-01..2023-12-30,2024-01-01..2024-12-30,,26,"{""early_stopping"": false, ""l2_regularization"": 1.0, ""learning_rate"": 0.05, ""max_depth"": null, ""max_iter"": 600, ""max_leaf_nodes"": 31, ""min_samples_leaf"": 40, ""random_state"": 42}",feature_set=raw; fit=17.4s
exp_ladder_hist_gbr_raw,2026-08-26T01:46:37+00:00,hist_gbr,3d,valid,11616,26.076,33.618,1.0499,1.0555,2021-01-01..2023-12-28,2024-01-01..2024-12-28,,26,"{""early_stopping"": false, ""l2_regularization"": 1.0, ""learning_rate"": 0.05, ""max_depth"": null, ""max_iter"": 600, ""max_leaf_nodes"": 31, ""min_samples_leaf"": 40, ""random_state"": 42}",feature_set=raw; fit=14.5s
exp_ladder_hist_gbr_raw,2026-08-26T01:46:52+00:00,hist_gbr,7d,valid,11488,39.104,49.486,1.5639,1.5792,2021-01-01..2023-12-24,2024-01-01..2024-12-24,,26,"{""early_stopping"": false, ""l2_regularization"": 1.0, ""learning_rate"": 0.05, ""max_depth"": null, ""max_iter"": 600, ""max_leaf_nodes"": 31, ""min_samples_leaf"": 40, ""random_state"": 42}",feature_set=raw; fit=14.8s
exp_ladder_hist_gbr_lags,2026-08-26T01:47:15+00:00,hist_gbr,1d,valid,11680,15.304,20.438,0.6202,0.6209,2021-01-01..2023-12-30,2024-01-01..2024-12-30,,54,"{""early_stopping"": false, ""l2_regularization"": 1.0, ""learning_rate"": 0.05, ""max_depth"": null, ""max_iter"": 600, ""max_leaf_nodes"": 31, ""min_samples_leaf"": 40, ""random_state"": 42}",feature_set=lags; fit=22.9s
exp_ladder_hist_gbr_lags,2026-08-26T01:47:42+00:00,hist_gbr,3d,valid,11616,23.586,30.795,0.9499,0.9531,2021-01-01..2023-12-28,2024-01-01..2024-12-28,,54,"{""early_stopping"": false, ""l2_regularization"": 1.0, ""learning_rate"": 0.05, ""max_depth"": null, ""max_iter"": 600, ""max_leaf_nodes"": 31, ""min_samples_leaf"": 40, ""random_state"": 42}",feature_set=lags; fit=26.5s
exp_ladder_hist_gbr_lags,2026-08-26T01:48:09+00:00,hist_gbr,7d,valid,11488,34.534,44.124,1.3844,1.394,2021-01-01..2023-12-24,2024-01-01..2024-12-24,,54,"{""early_stopping"": false, ""l2_regularization"": 1.0, ""learning_rate"": 0.05, ""max_depth"": null, ""max_iter"": 600, ""max_leaf_nodes"": 31, ""min_samples_leaf"": 40, ""random_state"": 42}",feature_set=lags; fit=27.5s
exp_ladder_hist_gbr_rolling,2026-08-26T01:48:39+00:00,hist_gbr,1d,valid,11680,15.185,20.172,0.6156,0.6163,2021-01-01..2023-12-30,2024-01-01..2024-12-30,,82,"{""early_stopping"": false, ""l2_regularization"": 1.0, ""learning_rate"": 0.05, ""max_depth"": null, ""max_iter"": 600, ""max_leaf_nodes"": 31, ""min_samples_leaf"": 40, ""random_state"": 42}",feature_set=rolling; fit=28.7s
exp_ladder_hist_gbr_rolling,2026-08-26T01:49:10+00:00,hist_gbr,3d,valid,11616,23.488,30.489,0.9485,0.9517,2021-01-01..2023-12-28,2024-01-01..2024-12-28,,82,"{""early_stopping"": false, ""l2_regularization"": 1.0, ""learning_rate"": 0.05, ""max_depth"": null, ""max_iter"": 600, ""max_leaf_nodes"": 31, ""min_samples_leaf"": 40, ""random_state"": 42}",feature_set=rolling; fit=30.9s
exp_ladder_hist_gbr_rolling,2026-08-26T01:49:32+00:00,hist_gbr,7d,valid,11488,34.211,43.64,1.3754,1.384,2021-01-01..2023-12-24,2024-01-01..2024-12-24,,82,"{""early_stopping"": false, ""l2_regularization"": 1.0, ""learning_rate"": 0.05, ""max_depth"": null, ""max_iter"": 600, ""max_leaf_nodes"": 31, ""min_samples_leaf"": 40, ""random_state"": 42}",feature_set=rolling; fit=22.1s
exp_ladder_hist_gbr_full,2026-08-26T01:49:59+00:00,hist_gbr,1d,valid,11680,14.73,19.702,0.5956,0.5961,2021-01-01..2023-12-30,2024-01-01..2024-12-30,,106,"{""early_stopping"": false, ""l2_regularization"": 1.0, ""learning_rate"": 0.05, ""max_depth"": null, ""max_iter"": 600, ""max_leaf_nodes"": 31, ""min_samples_leaf"": 40, ""random_state"": 42}",feature_set=full; fit=26.8s
exp_ladder_hist_gbr_full,2026-08-26T01:50:21+00:00,hist_gbr,3d,valid,11616,22.288,29.318,0.899,0.9007,2021-01-01..2023-12-28,2024-01-01..2024-12-28,,106,"{""early_stopping"": false, ""l2_regularization"": 1.0, ""learning_rate"": 0.05, ""max_depth"": null, ""max_iter"": 600, ""max_leaf_nodes"": 31, ""min_samples_leaf"": 40, ""random_state"": 42}",feature_set=full; fit=22.0s
exp_ladder_hist_gbr_full,2026-08-26T01:50:43+00:00,hist_gbr,7d,valid,11488,30.835,39.992,1.2393,1.2436,2021-01-01..2023-12-24,2024-01-01..2024-12-24,,106,"{""early_stopping"": false, ""l2_regularization"": 1.0, ""learning_rate"": 0.05, ""max_depth"": null, ""max_iter"": 600, ""max_leaf_nodes"": 31, ""min_samples_leaf"": 40, ""random_state"": 42}",feature_set=full; fit=21.2s
exp_001_baselines,2026-08-26T01:51:56+00:00,naive,1d,valid,11680,15.407,21.28,0.6221,0.6228,2021-01-01..2023-12-30,2024-01-01..2024-12-30,2025-01-01..2025-12-30,0,{},no training required
exp_001_baselines,2026-08-26T01:51:56+00:00,naive,1d,test,11648,17.658,23.978,0.6594,0.6601,2021-01-01..2023-12-30,2024-01-01..2024-12-30,2025-01-01..2025-12-30,0,{},no training required
exp_001_baselines,2026-08-26T01:51:56+00:00,rolling_mean_7,1d,valid,11680,23.379,32.006,0.9554,0.9579,2021-01-01..2023-12-30,2024-01-01..2024-12-30,2025-01-01..2025-12-30,0,{},no training required
exp_001_baselines,2026-08-26T01:51:56+00:00,rolling_mean_7,1d,test,11648,25.83,34.963,0.9741,0.9764,2021-01-01..2023-12-30,2024-01-01..2024-12-30,2025-01-01..2025-12-30,0,{},no training required
exp_001_baselines,2026-08-26T01:51:56+00:00,rolling_mean_28,1d,valid,11680,51.843,67.788,2.1535,2.1628,2021-01-01..2023-12-30,2024-01-01..2024-12-30,2025-01-01..2025-12-30,0,{},no training required
exp_001_baselines,2026-08-26T01:51:56+00:00,rolling_mean_28,1d,test,11648,55.407,71.733,2.1208,2.1292,2021-01-01..2023-12-30,2024-01-01..2024-12-30,2025-01-01..2025-12-30,0,{},no training required
exp_001_baselines,2026-08-26T01:51:56+00:00,drift_7d,1d,valid,11680,16.588,22.696,0.6707,0.6713,2021-01-01..2023-12-30,2024-01-01..2024-12-30,2025-01-01..2025-12-30,0,{},no training required
exp_001_baselines,2026-08-26T01:51:57+00:00,drift_7d,1d,test,11648,19.047,25.589,0.7119,0.7124,2021-01-01..2023-12-30,2024-01-01..2024-12-30,2025-01-01..2025-12-30,0,{},no training required
exp_001_baselines,2026-08-26T01:51:57+00:00,naive,3d,valid,11616,23.676,32.76,0.9622,0.9647,2021-01-01..2023-12-28,2024-01-01..2024-12-28,2025-01-01..2025-12-28,0,{},no training required
exp_001_baselines,2026-08-26T01:51:57+00:00,naive,3d,test,11584,26.658,36.56,0.9998,1.0022,2021-01-01..2023-12-28,2024-01-01..2024-12-28,2025-01-01..2025-12-28,0,{},no training required
exp_001_baselines,2026-08-26T01:51:57+00:00,rolling_mean_7,3d,valid,11616,30.788,41.919,1.2627,1.2672,2021-01-01..2023-12-28,2024-01-01..2024-12-28,2025-01-01..2025-12-28,0,{},no training required
exp_001_baselines,2026-08-26T01:51:57+00:00,rolling_mean_7,3d,test,11584,33.79,45.491,1.2785,1.2826,2021-01-01..2023-12-28,2024-01-01..2024-12-28,2025-01-01..2025-12-28,0,{},no training required
exp_001_baselines,2026-08-26T01:51:57+00:00,rolling_mean_28,3d,valid,11616,57.691,75.297,2.3985,2.4098,2021-01-01..2023-12-28,2024-01-01..2024-12-28,2025-01-01..2025-12-28,0,{},no training required
exp_001_baselines,2026-08-26T01:51:57+00:00,rolling_mean_28,3d,test,11584,61.56,79.626,2.3581,2.3684,2021-01-01..2023-12-28,2024-01-01..2024-12-28,2025-01-01..2025-12-28,0,{},no training required
exp_001_baselines,2026-08-26T01:51:57+00:00,drift_7d,3d,valid,11616,28.462,38.78,1.1562,1.1577,2021-01-01..2023-12-28,2024-01-01..2024-12-28,2025-01-01..2025-12-28,0,{},no training required
exp_001_baselines,2026-08-26T01:51:57+00:00,drift_7d,3d,test,11584,32.422,43.697,1.2155,1.2168,2021-01-01..2023-12-28,2024-01-01..2024-12-28,2025-01-01..2025-12-28,0,{},no training required
exp_001_baselines,2026-08-26T01:51:57+00:00,naive,7d,valid,11488,36.91,50.372,1.5119,1.5185,2021-01-01..2023-12-24,2024-01-01..2024-12-24,2025-01-01..2025-12-24,0,{},no training required
exp_001_baselines,2026-08-26T01:51:57+00:00,naive,7d,test,11456,40.812,54.84,1.5426,1.5484,2021-01-01..2023-12-24,2024-01-01..2024-12-24,2025-01-01..2025-12-24,0,{},no training required
exp_001_baselines,2026-08-26T01:51:57+00:00,rolling_mean_7,7d,valid,11488,43.71,58.947,1.8021,1.8108,2021-01-01..2023-12-24,2024-01-01..2024-12-24,2025-01-01..2025-12-24,0,{},no training required
exp_001_baselines,2026-08-26T01:51:57+00:00,rolling_mean_7,7d,test,11456,47.44,62.882,1.8041,1.8116,2021-01-01..2023-12-24,2024-01-01..2024-12-24,2025-01-01..2025-12-24,0,{},no training required
exp_001_baselines,2026-08-26T01:51:57+00:00,rolling_mean_28,7d,valid,11488,68.775,89.523,2.863,2.8785,2021-01-01..2023-12-24,2024-01-01..2024-12-24,2025-01-01..2025-12-24,0,{},no training required
exp_001_baselines,2026-08-26T01:51:57+00:00,rolling_mean_28,7d,test,11456,73.223,94.571,2.8088,2.8233,2021-01-01..2023-12-24,2024-01-01..2024-12-24,2025-01-01..2025-12-24,0,{},no training required
exp_001_baselines,2026-08-26T01:51:57+00:00,drift_7d,7d,valid,11488,51.134,68.744,2.0828,2.0838,2021-01-01..2023-12-24,2024-01-01..2024-12-24,2025-01-01..2025-12-24,0,{},no training required
exp_001_baselines,2026-08-26T01:51:57+00:00,drift_7d,7d,test,11456,58.033,77.248,2.1825,2.1835,2021-01-01..2023-12-24,2024-01-01..2024-12-24,2025-01-01..2025-12-24,0,{},no training required
exp_ladder_hist_gbr_raw,2026-08-26T01:54:51+00:00,hist_gbr,1d,valid,11680,16.452,21.941,0.665,0.6666,2021-01-01..2023-12-30,2024-01-01..2024-12-30,,26,"{""early_stopping"": false, ""l2_regularization"": 1.0, ""learning_rate"": 0.05, ""max_depth"": null, ""max_iter"": 600, ""max_leaf_nodes"": 31, ""min_samples_leaf"": 40, ""random_state"": 42}",feature_set=raw; fit=3.1s
exp_ladder_hist_gbr_raw,2026-08-26T01:54:53+00:00,hist_gbr,3d,valid,11616,26.076,33.618,1.0499,1.0555,2021-01-01..2023-12-28,2024-01-01..2024-12-28,,26,"{""early_stopping"": false, ""l2_regularization"": 1.0, ""learning_rate"": 0.05, ""max_depth"": null, ""max_iter"": 600, ""max_leaf_nodes"": 31, ""min_samples_leaf"": 40, ""random_state"": 42}",feature_set=raw; fit=1.4s
exp_ladder_hist_gbr_raw,2026-08-26T01:54:55+00:00,hist_gbr,7d,valid,11488,39.104,49.486,1.5639,1.5792,2021-01-01..2023-12-24,2024-01-01..2024-12-24,,26,"{""early_stopping"": false, ""l2_regularization"": 1.0, ""learning_rate"": 0.05, ""max_depth"": null, ""max_iter"": 600, ""max_leaf_nodes"": 31, ""min_samples_leaf"": 40, ""random_state"": 42}",feature_set=raw; fit=1.9s
exp_ladder_hist_gbr_lags,2026-08-26T01:54:58+00:00,hist_gbr,1d,valid,11680,15.304,20.438,0.6202,0.6209,2021-01-01..2023-12-30,2024-01-01..2024-12-30,,54,"{""early_stopping"": false, ""l2_regularization"": 1.0, ""learning_rate"": 0.05, ""max_depth"": null, ""max_iter"": 600, ""max_leaf_nodes"": 31, ""min_samples_leaf"": 40, ""random_state"": 42}",feature_set=lags; fit=3.1s
exp_ladder_hist_gbr_lags,2026-08-26T01:55:01+00:00,hist_gbr,3d,valid,11616,23.586,30.795,0.9499,0.9531,2021-01-01..2023-12-28,2024-01-01..2024-12-28,,54,"{""early_stopping"": false, ""l2_regularization"": 1.0, ""learning_rate"": 0.05, ""max_depth"": null, ""max_iter"": 600, ""max_leaf_nodes"": 31, ""min_samples_leaf"": 40, ""random_state"": 42}",feature_set=lags; fit=2.6s
exp_ladder_hist_gbr_lags,2026-08-26T01:55:04+00:00,hist_gbr,7d,valid,11488,34.534,44.124,1.3844,1.394,2021-01-01..2023-12-24,2024-01-01..2024-12-24,,54,"{""early_stopping"": false, ""l2_regularization"": 1.0, ""learning_rate"": 0.05, ""max_depth"": null, ""max_iter"": 600, ""max_leaf_nodes"": 31, ""min_samples_leaf"": 40, ""random_state"": 42}",feature_set=lags; fit=2.7s
exp_ladder_hist_gbr_rolling,2026-08-26T01:55:07+00:00,hist_gbr,1d,valid,11680,15.185,20.172,0.6156,0.6163,2021-01-01..2023-12-30,2024-01-01..2024-12-30,,82,"{""early_stopping"": false, ""l2_regularization"": 1.0, ""learning_rate"": 0.05, ""max_depth"": null, ""max_iter"": 600, ""max_leaf_nodes"": 31, ""min_samples_leaf"": 40, ""random_state"": 42}",feature_set=rolling; fit=3.1s
exp_ladder_hist_gbr_rolling,2026-08-26T01:55:11+00:00,hist_gbr,3d,valid,11616,23.488,30.489,0.9485,0.9517,2021-01-01..2023-12-28,2024-01-01..2024-12-28,,82,"{""early_stopping"": false, ""l2_regularization"": 1.0, ""learning_rate"": 0.05, ""max_depth"": null, ""max_iter"": 600, ""max_leaf_nodes"": 31, ""min_samples_leaf"": 40, ""random_state"": 42}",feature_set=rolling; fit=3.6s
exp_ladder_hist_gbr_rolling,2026-08-26T01:55:15+00:00,hist_gbr,7d,valid,11488,34.211,43.64,1.3754,1.384,2021-01-01..2023-12-24,2024-01-01..2024-12-24,,82,"{""early_stopping"": false, ""l2_regularization"": 1.0, ""learning_rate"": 0.05, ""max_depth"": null, ""max_iter"": 600, ""max_leaf_nodes"": 31, ""min_samples_leaf"": 40, ""random_state"": 42}",feature_set=rolling; fit=3.3s
exp_ladder_hist_gbr_full,2026-08-26T01:55:19+00:00,hist_gbr,1d,valid,11680,14.73,19.702,0.5956,0.5961,2021-01-01..2023-12-30,2024-01-01..2024-12-30,,106,"{""early_stopping"": false, ""l2_regularization"": 1.0, ""learning_rate"": 0.05, ""max_depth"": null, ""max_iter"": 600, ""max_leaf_nodes"": 31, ""min_samples_leaf"": 40, ""random_state"": 42}",feature_set=full; fit=4.1s
exp_ladder_hist_gbr_full,2026-08-26T01:55:23+00:00,hist_gbr,3d,valid,11616,22.288,29.318,0.899,0.9007,2021-01-01..2023-12-28,2024-01-01..2024-12-28,,106,"{""early_stopping"": false, ""l2_regularization"": 1.0, ""learning_rate"": 0.05, ""max_depth"": null, ""max_iter"": 600, ""max_leaf_nodes"": 31, ""min_samples_leaf"": 40, ""random_state"": 42}",feature_set=full; fit=3.9s
exp_ladder_hist_gbr_full,2026-08-26T01:55:27+00:00,hist_gbr,7d,valid,11488,30.835,39.992,1.2393,1.2436,2021-01-01..2023-12-24,2024-01-01..2024-12-24,,106,"{""early_stopping"": false, ""l2_regularization"": 1.0, ""learning_rate"": 0.05, ""max_depth"": null, ""max_iter"": 600, ""max_leaf_nodes"": 31, ""min_samples_leaf"": 40, ""random_state"": 42}",feature_set=full; fit=3.8s
exp_ladder_xgboost_raw,2026-08-26T01:55:29+00:00,xgboost,1d,valid,11680,17.205,22.054,0.6925,0.6946,2021-01-01..2023-12-30,2024-01-01..2024-12-30,,26,"{""colsample_bytree"": 0.8, ""gamma"": 0.0, ""learning_rate"": 0.05, ""max_depth"": 6, ""min_child_weight"": 5, ""n_estimators"": 800, ""n_jobs"": -1, ""random_state"": 42, ""reg_alpha"": 0.0, ""reg_lambda"": 1.0, ""subsample"": 0.9, ""tree_method"": ""hist""}",feature_set=raw; fit=2.4s
exp_ladder_xgboost_raw,2026-08-26T01:55:31+00:00,xgboost,3d,valid,11616,29.603,37.807,1.1854,1.1935,2021-01-01..2023-12-28,2024-01-01..2024-12-28,,26,"{""colsample_bytree"": 0.8, ""gamma"": 0.0, ""learning_rate"": 0.05, ""max_depth"": 6, ""min_child_weight"": 5, ""n_estimators"": 800, ""n_jobs"": -1, ""random_state"": 42, ""reg_alpha"": 0.0, ""reg_lambda"": 1.0, ""subsample"": 0.9, ""tree_method"": ""hist""}",feature_set=raw; fit=1.3s
exp_ladder_xgboost_raw,2026-08-26T01:55:32+00:00,xgboost,7d,valid,11488,47.533,59.462,1.8943,1.9182,2021-01-01..2023-12-24,2024-01-01..2024-12-24,,26,"{""colsample_bytree"": 0.8, ""gamma"": 0.0, ""learning_rate"": 0.05, ""max_depth"": 6, ""min_child_weight"": 5, ""n_estimators"": 800, ""n_jobs"": -1, ""random_state"": 42, ""reg_alpha"": 0.0, ""reg_lambda"": 1.0, ""subsample"": 0.9, ""tree_method"": ""hist""}",feature_set=raw; fit=1.2s
exp_ladder_xgboost_lags,2026-08-26T01:55:35+00:00,xgboost,1d,valid,11680,15.377,19.82,0.6204,0.6214,2021-01-01..2023-12-30,2024-01-01..2024-12-30,,54,"{""colsample_bytree"": 0.8, ""gamma"": 0.0, ""learning_rate"": 0.05, ""max_depth"": 6, ""min_child_weight"": 5, ""n_estimators"": 800, ""n_jobs"": -1, ""random_state"": 42, ""reg_alpha"": 0.0, ""reg_lambda"": 1.0, ""subsample"": 0.9, ""tree_method"": ""hist""}",feature_set=lags; fit=2.9s
exp_ladder_xgboost_lags,2026-08-26T01:55:38+00:00,xgboost,3d,valid,11616,25.125,32.738,1.0084,1.0127,2021-01-01..2023-12-28,2024-01-01..2024-12-28,,54,"{""colsample_bytree"": 0.8, ""gamma"": 0.0, ""learning_rate"": 0.05, ""max_depth"": 6, ""min_child_weight"": 5, ""n_estimators"": 800, ""n_jobs"": -1, ""random_state"": 42, ""reg_alpha"": 0.0, ""reg_lambda"": 1.0, ""subsample"": 0.9, ""tree_method"": ""hist""}",feature_set=lags; fit=3.0s
exp_ladder_xgboost_lags,2026-08-26T01:55:41+00:00,xgboost,7d,valid,11488,38.695,49.176,1.5482,1.5626,2021-01-01..2023-12-24,2024-01-01..2024-12-24,,54,"{""colsample_bytree"": 0.8, ""gamma"": 0.0, ""learning_rate"": 0.05, ""max_depth"": 6, ""min_child_weight"": 5, ""n_estimators"": 800, ""n_jobs"": -1, ""random_state"": 42, ""reg_alpha"": 0.0, ""reg_lambda"": 1.0, ""subsample"": 0.9, ""tree_method"": ""hist""}",feature_set=lags; fit=3.1s
exp_ladder_xgboost_rolling,2026-08-26T01:55:46+00:00,xgboost,1d,valid,11680,15.131,19.527,0.61,0.6106,2021-01-01..2023-12-30,2024-01-01..2024-12-30,,82,"{""colsample_bytree"": 0.8, ""gamma"": 0.0, ""learning_rate"": 0.05, ""max_depth"": 6, ""min_child_weight"": 5, ""n_estimators"": 800, ""n_jobs"": -1, ""random_state"": 42, ""reg_alpha"": 0.0, ""reg_lambda"": 1.0, ""subsample"": 0.9, ""tree_method"": ""hist""}",feature_set=rolling; fit=4.5s
exp_ladder_xgboost_rolling,2026-08-26T01:55:51+00:00,xgboost,3d,valid,11616,24.043,31.313,0.968,0.9714,2021-01-01..2023-12-28,2024-01-01..2024-12-28,,82,"{""colsample_bytree"": 0.8, ""gamma"": 0.0, ""learning_rate"": 0.05, ""max_depth"": 6, ""min_child_weight"": 5, ""n_estimators"": 800, ""n_jobs"": -1, ""random_state"": 42, ""reg_alpha"": 0.0, ""reg_lambda"": 1.0, ""subsample"": 0.9, ""tree_method"": ""hist""}",feature_set=rolling; fit=4.9s
exp_ladder_xgboost_rolling,2026-08-26T01:55:56+00:00,xgboost,7d,valid,11488,36.098,46.089,1.4478,1.4585,2021-01-01..2023-12-24,2024-01-01..2024-12-24,,82,"{""colsample_bytree"": 0.8, ""gamma"": 0.0, ""learning_rate"": 0.05, ""max_depth"": 6, ""min_child_weight"": 5, ""n_estimators"": 800, ""n_jobs"": -1, ""random_state"": 42, ""reg_alpha"": 0.0, ""reg_lambda"": 1.0, ""subsample"": 0.9, ""tree_method"": ""hist""}",feature_set=rolling; fit=5.2s
exp_ladder_xgboost_full,2026-08-26T01:56:03+00:00,xgboost,1d,valid,11680,14.944,19.545,0.6015,0.6024,2021-01-01..2023-12-30,2024-01-01..2024-12-30,,106,"{""colsample_bytree"": 0.8, ""gamma"": 0.0, ""learning_rate"": 0.05, ""max_depth"": 6, ""min_child_weight"": 5, ""n_estimators"": 800, ""n_jobs"": -1, ""random_state"": 42, ""reg_alpha"": 0.0, ""reg_lambda"": 1.0, ""subsample"": 0.9, ""tree_method"": ""hist""}",feature_set=full; fit=6.9s
exp_ladder_xgboost_full,2026-08-26T01:56:11+00:00,xgboost,3d,valid,11616,22.873,29.892,0.9218,0.9238,2021-01-01..2023-12-28,2024-01-01..2024-12-28,,106,"{""colsample_bytree"": 0.8, ""gamma"": 0.0, ""learning_rate"": 0.05, ""max_depth"": 6, ""min_child_weight"": 5, ""n_estimators"": 800, ""n_jobs"": -1, ""random_state"": 42, ""reg_alpha"": 0.0, ""reg_lambda"": 1.0, ""subsample"": 0.9, ""tree_method"": ""hist""}",feature_set=full; fit=7.1s
exp_ladder_xgboost_full,2026-08-26T01:56:18+00:00,xgboost,7d,valid,11488,31.74,41.075,1.2779,1.2827,2021-01-01..2023-12-24,2024-01-01..2024-12-24,,106,"{""colsample_bytree"": 0.8, ""gamma"": 0.0, ""learning_rate"": 0.05, ""max_depth"": 6, ""min_child_weight"": 5, ""n_estimators"": 800, ""n_jobs"": -1, ""random_state"": 42, ""reg_alpha"": 0.0, ""reg_lambda"": 1.0, ""subsample"": 0.9, ""tree_method"": ""hist""}",feature_set=full; fit=7.8s
exp_ladder_lightgbm_raw,2026-08-26T01:56:20+00:00,lightgbm,1d,valid,11680,16.644,21.903,0.672,0.6737,2021-01-01..2023-12-30,2024-01-01..2024-12-30,,26,"{""colsample_bytree"": 0.8, ""learning_rate"": 0.05, ""max_depth"": -1, ""min_child_samples"": 30, ""n_estimators"": 800, ""n_jobs"": -1, ""num_leaves"": 31, ""random_state"": 42, ""reg_alpha"": 0.0, ""reg_lambda"": 1.0, ""subsample"": 0.9, ""subsample_freq"": 1, ""verbose"": -1}",feature_set=raw; fit=1.2s
exp_ladder_lightgbm_raw,2026-08-26T01:56:21+00:00,lightgbm,3d,valid,11616,26.971,34.702,1.0832,1.0893,2021-01-01..2023-12-28,2024-01-01..2024-12-28,,26,"{""colsample_bytree"": 0.8, ""learning_rate"": 0.05, ""max_depth"": -1, ""min_child_samples"": 30, ""n_estimators"": 800, ""n_jobs"": -1, ""num_leaves"": 31, ""random_state"": 42, ""reg_alpha"": 0.0, ""reg_lambda"": 1.0, ""subsample"": 0.9, ""subsample_freq"": 1, ""verbose"": -1}",feature_set=raw; fit=1.3s
exp_ladder_lightgbm_raw,2026-08-26T01:56:23+00:00,lightgbm,7d,valid,11488,41.964,52.913,1.6777,1.6957,2021-01-01..2023-12-24,2024-01-01..2024-12-24,,26,"{""colsample_bytree"": 0.8, ""learning_rate"": 0.05, ""max_depth"": -1, ""min_child_samples"": 30, ""n_estimators"": 800, ""n_jobs"": -1, ""num_leaves"": 31, ""random_state"": 42, ""reg_alpha"": 0.0, ""reg_lambda"": 1.0, ""subsample"": 0.9, ""subsample_freq"": 1, ""verbose"": -1}",feature_set=raw; fit=1.5s
exp_ladder_lightgbm_lags,2026-08-26T01:56:25+00:00,lightgbm,1d,valid,11680,15.423,20.426,0.6242,0.6249,2021-01-01..2023-12-30,2024-01-01..2024-12-30,,54,"{""colsample_bytree"": 0.8, ""learning_rate"": 0.05, ""max_depth"": -1, ""min_child_samples"": 30, ""n_estimators"": 800, ""n_jobs"": -1, ""num_leaves"": 31, ""random_state"": 42, ""reg_alpha"": 0.0, ""reg_lambda"": 1.0, ""subsample"": 0.9, ""subsample_freq"": 1, ""verbose"": -1}",feature_set=lags; fit=2.0s
exp_ladder_lightgbm_lags,2026-08-26T01:56:27+00:00,lightgbm,3d,valid,11616,23.785,31.035,0.9578,0.961,2021-01-01..2023-12-28,2024-01-01..2024-12-28,,54,"{""colsample_bytree"": 0.8, ""learning_rate"": 0.05, ""max_depth"": -1, ""min_child_samples"": 30, ""n_estimators"": 800, ""n_jobs"": -1, ""num_leaves"": 31, ""random_state"": 42, ""reg_alpha"": 0.0, ""reg_lambda"": 1.0, ""subsample"": 0.9, ""subsample_freq"": 1, ""verbose"": -1}",feature_set=lags; fit=1.9s
exp_ladder_lightgbm_lags,2026-08-26T01:56:29+00:00,lightgbm,7d,valid,11488,35.758,45.656,1.4342,1.4451,2021-01-01..2023-12-24,2024-01-01..2024-12-24,,54,"{""colsample_bytree"": 0.8, ""learning_rate"": 0.05, ""max_depth"": -1, ""min_child_samples"": 30, ""n_estimators"": 800, ""n_jobs"": -1, ""num_leaves"": 31, ""random_state"": 42, ""reg_alpha"": 0.0, ""reg_lambda"": 1.0, ""subsample"": 0.9, ""subsample_freq"": 1, ""verbose"": -1}",feature_set=lags; fit=2.0s
exp_ladder_lightgbm_rolling,2026-08-26T01:56:32+00:00,lightgbm,1d,valid,11680,15.135,20.07,0.6137,0.614,2021-01-01..2023-12-30,2024-01-01..2024-12-30,,82,"{""colsample_bytree"": 0.8, ""learning_rate"": 0.05, ""max_depth"": -1, ""min_child_samples"": 30, ""n_estimators"": 800, ""n_jobs"": -1, ""num_leaves"": 31, ""random_state"": 42, ""reg_alpha"": 0.0, ""reg_lambda"": 1.0, ""subsample"": 0.9, ""subsample_freq"": 1, ""verbose"": -1}",feature_set=rolling; fit=2.4s
exp_ladder_lightgbm_rolling,2026-08-26T01:56:34+00:00,lightgbm,3d,valid,11616,23.395,30.443,0.9437,0.9465,2021-01-01..2023-12-28,2024-01-01..2024-12-28,,82,"{""colsample_bytree"": 0.8, ""learning_rate"": 0.05, ""max_depth"": -1, ""min_child_samples"": 30, ""n_estimators"": 800, ""n_jobs"": -1, ""num_leaves"": 31, ""random_state"": 42, ""reg_alpha"": 0.0, ""reg_lambda"": 1.0, ""subsample"": 0.9, ""subsample_freq"": 1, ""verbose"": -1}",feature_set=rolling; fit=2.1s
exp_ladder_lightgbm_rolling,2026-08-26T01:56:37+00:00,lightgbm,7d,valid,11488,34.666,44.192,1.3931,1.4024,2021-01-01..2023-12-24,2024-01-01..2024-12-24,,82,"{""colsample_bytree"": 0.8, ""learning_rate"": 0.05, ""max_depth"": -1, ""min_child_samples"": 30, ""n_estimators"": 800, ""n_jobs"": -1, ""num_leaves"": 31, ""random_state"": 42, ""reg_alpha"": 0.0, ""reg_lambda"": 1.0, ""subsample"": 0.9, ""subsample_freq"": 1, ""verbose"": -1}",feature_set=rolling; fit=2.6s
exp_ladder_lightgbm_full,2026-08-26T01:56:41+00:00,lightgbm,1d,valid,11680,14.879,19.955,0.6019,0.6023,2021-01-01..2023-12-30,2024-01-01..2024-12-30,,106,"{""colsample_bytree"": 0.8, ""learning_rate"": 0.05, ""max_depth"": -1, ""min_child_samples"": 30, ""n_estimators"": 800, ""n_jobs"": -1, ""num_leaves"": 31, ""random_state"": 42, ""reg_alpha"": 0.0, ""reg_lambda"": 1.0, ""subsample"": 0.9, ""subsample_freq"": 1, ""verbose"": -1}",feature_set=full; fit=3.9s
exp_ladder_lightgbm_full,2026-08-26T01:56:46+00:00,lightgbm,3d,valid,11616,21.997,28.774,0.8877,0.889,2021-01-01..2023-12-28,2024-01-01..2024-12-28,,106,"{""colsample_bytree"": 0.8, ""learning_rate"": 0.05, ""max_depth"": -1, ""min_child_samples"": 30, ""n_estimators"": 800, ""n_jobs"": -1, ""num_leaves"": 31, ""random_state"": 42, ""reg_alpha"": 0.0, ""reg_lambda"": 1.0, ""subsample"": 0.9, ""subsample_freq"": 1, ""verbose"": -1}",feature_set=full; fit=4.3s
exp_ladder_lightgbm_full,2026-08-26T01:56:49+00:00,lightgbm,7d,valid,11488,31.253,40.494,1.2557,1.2607,2021-01-01..2023-12-24,2024-01-01..2024-12-24,,106,"{""colsample_bytree"": 0.8, ""learning_rate"": 0.05, ""max_depth"": -1, ""min_child_samples"": 30, ""n_estimators"": 800, ""n_jobs"": -1, ""num_leaves"": 31, ""random_state"": 42, ""reg_alpha"": 0.0, ""reg_lambda"": 1.0, ""subsample"": 0.9, ""subsample_freq"": 1, ""verbose"": -1}",feature_set=full; fit=3.2s
